job_title,company_name,location
"168,000+ Software Engineer jobs in United States (10,587 new)",N/A,N/A
Software Engineer jobs in Oregon - Indeed,N/A,N/A
Search Engineering Jobs at Capital One,N/A,N/A
Software Development - Amazon.jobs,N/A,N/A
17847 Software engineer jobs in United States - Glassdoor,N/A,N/A
"Best Software Engineer Jobs in NYC, NY 2024",N/A,N/A
Software Engineering Jobs at Intel,N/A,N/A
"Software Engineer jobs in Hillsboro, OR - Indeed",N/A,N/A
$126k-$216k Software Engineer Jobs in Oregon (NOW HIRING),N/A,N/A
"933 Junior Software Engineer jobs in Portland, Oregon Metropolitan ...",N/A,N/A
Intuit Software Engineering Jobs,N/A,View all
"Top Software Engineer Jobs in Denver & Boulder, CO",N/A,View all
"Entry Level Software Engineer Jobs in Portland, OR - ZipRecruiter",N/A,View all
Software Engineer Jobs | Lowe's Careers,N/A,View all
"Best Software Engineer Jobs in Seattle, WA 2024",N/A,View all
"Software Developers, Quality Assurance Analysts, and Testers",N/A,View all
"Best Software Engineer Jobs in Chicago, IL 2024",N/A,View all
"Software Engineer Jobs, Employment in Portland, OR | Indeed.com",N/A,View all
"Best Software Engineer Jobs in Boston, MA 2024",N/A,View all
"Best Software Engineer Jobs in Los Angeles, CA 2024 | Built In LA",N/A,N/A
Software Engineering Jobs in Hillsboro at Intel,N/A,N/A
"Best Software Engineer Jobs in Austin, TX 2024",N/A,N/A
"112 software engineer Jobs in Portland, OR, June 2024 | Glassdoor",N/A,N/A
"software engineer jobs in portland, or - SimplyHired",N/A,N/A
entry level software jobs in oregon - Indeed,N/A,N/A
"Top Software Engineer Jobs in San Francisco Bay Area, CA",N/A,N/A
Best Software Engineer Jobs 2024 | Built In,N/A,N/A
Qualcomm Careers | Engineering Jobs and More | Qualcomm,N/A,N/A
Software Engineer jobs at Y Combinator startups,N/A,N/A
Software Engineer Jobs - ClearanceJobs,N/A,N/A
Software Engineer Jobs | Wellfound (formerly AngelList Talent),N/A,N/A
"Software Engineer - Early Career - Orlando, FL | Lockheed Martin",N/A,N/A
Software Engineer Jobs in Philadelphia at Capital One,N/A,N/A
Software Development and Engineering - Careers.Walmart.com,N/A,N/A
Software Engineering Jobs at Mastercard,N/A,N/A
Find Projects - Cisco Jobs,N/A,N/A
Search Page - Roku Jobs,N/A,N/A
Explore career opportunities at Pinterest,N/A,N/A
Current job openings at Databricks,N/A,N/A
Search Engineering - Software Jobs at Boeing,N/A,N/A
Software Development | Amazon.jobs,N/A,N/A
Technology software engineering Jobs,N/A,N/A
Search Software Engineering Jobs at SPECTRUM,N/A,N/A
Jobs in Software Engineering team | IBM Careers,N/A,N/A
Remote Software Engineer Jobs - Crossover,N/A,N/A
Engineering Jobs | Careers - Oracle,N/A,N/A
Software Engineer Jobs - Parsons Corporation Jobs,N/A,N/A
"How She Got $300,000 Software Engineer Job at Google - YouTube",N/A,N/A
Software Engineer Program | JPMorgan Chase & Co.,N/A,N/A
